timestamp,scan_id,currency,value_in_benchmark,benchmark_currency
2025-10-21T23:21:28.513393+00:00,150,Chaos Orb,0.04537081492830851,Divine Orb
2025-10-21T23:21:28.513393+00:00,150,Perfect Exalted Orb,2.5078561121418264,Divine Orb
2025-10-21T23:21:28.513393+00:00,150,Orb of Annulment,0.3772651054180349,Divine Orb
2025-10-21T23:21:28.513393+00:00,150,Perfect Chaos Orb,3.7813223140495875,Divine Orb
2025-10-21T23:21:28.513393+00:00,150,Exalted Orb,0.0008333875968164388,Divine Orb
2025-10-21T23:21:28.513393+00:00,150,Divine Orb,1.0,Divine Orb
2025-10-21T23:21:28.513393+00:00,150,Omen of Light,4.715672937771346,Divine Orb
2025-10-21T23:37:38.556513+00:00,151,Chaos Orb,0.04538771884215237,Divine Orb
2025-10-21T23:37:38.556513+00:00,151,Perfect Chaos Orb,3.7827874743326495,Divine Orb
2025-10-21T23:37:38.556513+00:00,151,Perfect Exalted Orb,2.588962472406181,Divine Orb
2025-10-21T23:37:38.556513+00:00,151,Omen of Light,4.7143235893949695,Divine Orb
2025-10-21T23:37:38.556513+00:00,151,Exalted Orb,0.0008416024035502656,Divine Orb
2025-10-21T23:37:38.556513+00:00,151,Orb of Annulment,0.3746310765374535,Divine Orb
2025-10-21T23:37:38.556513+00:00,151,Divine Orb,1.0,Divine Orb
2025-10-21T23:50:43.262267+00:00,152,Exalted Orb,0.0008356834348091695,Divine Orb
2025-10-21T23:50:43.262267+00:00,152,Omen of Chance,7.05223680099969,Divine Orb
2025-10-21T23:50:43.262267+00:00,152,Orb of Annulment,0.37464994627646914,Divine Orb
2025-10-21T23:50:43.262267+00:00,152,Chaos Orb,0.04537529552583968,Divine Orb
2025-10-21T23:50:43.262267+00:00,152,Omen of Whittling,4.423236797274277,Divine Orb
2025-10-21T23:50:43.262267+00:00,152,Perfect Exalted Orb,2.5657531645569622,Divine Orb
2025-10-21T23:50:43.262267+00:00,152,Omen of Sinistral Annulment,8.398306951135584,Divine Orb
2025-10-21T23:50:43.262267+00:00,152,Omen of Sinistral Erasure,4.292786089769511,Divine Orb
2025-10-21T23:50:43.262267+00:00,152,Divine Orb,1.0,Divine Orb
2025-10-21T23:50:43.262267+00:00,152,Omen of Dextral Erasure,2.7813404255319156,Divine Orb
2025-10-21T23:50:43.262267+00:00,152,Perfect Chaos Orb,3.789817247287265,Divine Orb
2025-10-21T23:50:43.262267+00:00,152,Omen of Sanctification,0.613506253102713,Divine Orb
2025-10-21T23:50:43.262267+00:00,152,Omen of Light,4.671185925282364,Divine Orb
2025-10-21T23:50:43.262267+00:00,152,Omen of Dextral Annulment,6.423175754060327,Divine Orb
2025-10-21T23:59:08.155495+00:00,153,Exalted Orb,0.0008541969372263743,Divine Orb
2025-10-21T23:59:08.155495+00:00,153,Omen of Chance,7.05444375194765,Divine Orb
2025-10-21T23:59:08.155495+00:00,153,Orb of Annulment,0.37665070392390304,Divine Orb
2025-10-21T23:59:08.155495+00:00,153,Chaos Orb,0.0452691375314616,Divine Orb
2025-10-21T23:59:08.155495+00:00,153,Omen of Whittling,4.383490627020039,Divine Orb
2025-10-21T23:59:08.155495+00:00,153,Perfect Exalted Orb,2.620637422892392,Divine Orb
2025-10-21T23:59:08.155495+00:00,153,Omen of Sinistral Annulment,8.398306951135584,Divine Orb
2025-10-21T23:59:08.155495+00:00,153,Omen of Sinistral Erasure,4.289991690901538,Divine Orb
2025-10-21T23:59:08.155495+00:00,153,Divine Orb,1.0,Divine Orb
2025-10-21T23:59:08.155495+00:00,153,Omen of Dextral Erasure,2.781058315334774,Divine Orb
2025-10-21T23:59:08.155495+00:00,153,Perfect Chaos Orb,3.8303378995433794,Divine Orb
2025-10-21T23:59:08.155495+00:00,153,Omen of Sanctification,0.613506253102713,Divine Orb
2025-10-21T23:59:08.155495+00:00,153,Omen of Light,4.670587188612101,Divine Orb
2025-10-21T23:59:08.155495+00:00,153,Omen of Dextral Annulment,6.422885007278023,Divine Orb
2025-10-22T00:07:39.470832+00:00,154,Exalted Orb,0.0008606178279401929,Divine Orb
2025-10-22T00:07:39.470832+00:00,154,Omen of Chance,7.0473518402994415,Divine Orb
2025-10-22T00:07:39.470832+00:00,154,Orb of Annulment,0.3762954902376719,Divine Orb
2025-10-22T00:07:39.470832+00:00,154,Chaos Orb,0.04515158723788476,Divine Orb
2025-10-22T00:07:39.470832+00:00,154,Omen of Whittling,4.328565333333334,Divine Orb
2025-10-22T00:07:39.470832+00:00,154,Perfect Exalted Orb,2.6627215189873423,Divine Orb
2025-10-22T00:07:39.470832+00:00,154,Omen of Sinistral Annulment,8.41476204211134,Divine Orb
2025-10-22T00:07:39.470832+00:00,154,Omen of Sinistral Erasure,4.287464664310955,Divine Orb
2025-10-22T00:07:39.470832+00:00,154,Divine Orb,1.0,Divine Orb
2025-10-22T00:07:39.470832+00:00,154,Omen of Dextral Erasure,2.7750000000000004,Divine Orb
2025-10-22T00:07:39.470832+00:00,154,Perfect Chaos Orb,3.795270121278942,Divine Orb
2025-10-22T00:07:39.470832+00:00,154,Omen of Sanctification,0.6554380139277288,Divine Orb
2025-10-22T00:07:39.470832+00:00,154,Omen of Light,4.660458715596331,Divine Orb
2025-10-22T00:07:39.470832+00:00,154,Omen of Dextral Annulment,6.416910288582185,Divine Orb
2025-10-22T01:41:47.866607+00:00,156,Perfect Chaos Orb,3.798497569597879,Divine Orb
2025-10-22T01:41:47.866607+00:00,156,Chaos Orb,0.04421727969939514,Divine Orb
2025-10-22T01:41:47.866607+00:00,156,Perfect Exalted Orb,2.6806187624750497,Divine Orb
2025-10-22T01:41:47.866607+00:00,156,Divine Orb,1.0,Divine Orb
2025-10-22T01:41:47.866607+00:00,156,Orb of Annulment,0.3791251095140698,Divine Orb
2025-10-22T01:41:47.866607+00:00,156,Omen of Light,4.724619883040936,Divine Orb
2025-10-22T01:41:47.866607+00:00,156,Exalted Orb,0.0008159709833309872,Divine Orb
2025-10-22T02:28:40.952920+00:00,157,Perfect Chaos Orb,3.787743631217145,Divine Orb
2025-10-22T02:28:40.952920+00:00,157,Orb of Annulment,0.37998016726372713,Divine Orb
2025-10-22T02:28:40.952920+00:00,157,Divine Orb,1.0,Divine Orb
2025-10-22T02:28:40.952920+00:00,157,Chaos Orb,0.044257763094732075,Divine Orb
2025-10-22T02:28:40.952920+00:00,157,Omen of Light,4.652686274509804,Divine Orb
2025-10-22T02:28:40.952920+00:00,157,Perfect Exalted Orb,2.6136410256410256,Divine Orb
2025-10-22T02:28:40.952920+00:00,157,Exalted Orb,0.0008242225389522104,Divine Orb
2025-10-22T02:41:18.242003+00:00,158,Perfect Chaos Orb,3.789102744546094,Divine Orb
2025-10-22T02:41:18.242003+00:00,158,Orb of Annulment,0.37984780332610296,Divine Orb
2025-10-22T02:41:18.242003+00:00,158,Divine Orb,1.0,Divine Orb
2025-10-22T02:41:18.242003+00:00,158,Chaos Orb,0.04388643226872419,Divine Orb
2025-10-22T02:41:18.242003+00:00,158,Omen of Light,4.651545967042498,Divine Orb
2025-10-22T02:41:18.242003+00:00,158,Perfect Exalted Orb,2.608183716075157,Divine Orb
2025-10-22T02:41:18.242003+00:00,158,Exalted Orb,0.0008199942672199388,Divine Orb
2025-10-22T02:47:37.565056+00:00,159,Divine Orb,1.0,Divine Orb
2025-10-22T02:47:37.565056+00:00,159,Chaos Orb,0.04349267141178272,Divine Orb
2025-10-22T02:47:37.565056+00:00,159,Exalted Orb,0.0008169911703847119,Divine Orb
2025-10-22T02:47:37.565056+00:00,159,Perfect Exalted Orb,2.654674220963173,Divine Orb
2025-10-22T02:47:37.565056+00:00,159,Perfect Chaos Orb,3.789102744546094,Divine Orb
2025-10-22T02:47:37.565056+00:00,159,Omen of Light,4.656027154663518,Divine Orb
2025-10-22T02:47:37.565056+00:00,159,Orb of Annulment,0.37995377340923225,Divine Orb
2025-10-22T06:16:09.322189+00:00,161,Exalted Orb,0.000806884262830687,Divine Orb
2025-10-22T06:16:09.322189+00:00,161,Omen of Light,4.4935192375573605,Divine Orb
2025-10-22T06:16:09.322189+00:00,161,Orb of Annulment,0.37213015320337867,Divine Orb
2025-10-22T06:16:09.322189+00:00,161,Perfect Exalted Orb,2.6866416510318953,Divine Orb
2025-10-22T06:16:09.322189+00:00,161,Divine Orb,1.0,Divine Orb
2025-10-22T06:16:09.322189+00:00,161,Perfect Chaos Orb,3.5414444626206443,Divine Orb
2025-10-22T06:23:37.896826+00:00,162,Exalted Orb,0.0008065499734703,Divine Orb
2025-10-22T06:23:37.896826+00:00,162,Omen of Light,4.498325176726482,Divine Orb
2025-10-22T06:23:37.896826+00:00,162,Orb of Annulment,0.3720119470662996,Divine Orb
2025-10-22T06:23:37.896826+00:00,162,Chaos Orb,0.042511395726130996,Divine Orb
2025-10-22T06:23:37.896826+00:00,162,Perfect Exalted Orb,2.6868546426835205,Divine Orb
2025-10-22T06:23:37.896826+00:00,162,Divine Orb,1.0,Divine Orb
2025-10-22T06:23:37.896826+00:00,162,Perfect Chaos Orb,3.5399439036462628,Divine Orb
2025-10-22T06:46:25.892200+00:00,164,Omen of Light,4.499951978657181,Divine Orb
2025-10-22T06:46:25.892200+00:00,164,Orb of Annulment,0.37456956019170673,Divine Orb
2025-10-22T06:46:25.892200+00:00,164,Omen of Dextral Annulment,6.551456140350878,Divine Orb
2025-10-22T06:46:25.892200+00:00,164,Chaos Orb,0.042451516160712195,Divine Orb
2025-10-22T06:46:25.892200+00:00,164,Omen of Sinistral Annulment,8.685798165137617,Divine Orb
2025-10-22T06:46:25.892200+00:00,164,Exalted Orb,0.0008186763286356574,Divine Orb
2025-10-22T06:46:25.892200+00:00,164,Omen of Whittling,4.099718794835009,Divine Orb
2025-10-22T06:46:25.892200+00:00,164,Omen of Chance,7.126957971981323,Divine Orb
2025-10-22T06:46:25.892200+00:00,164,Omen of Dextral Erasure,2.9833248407643316,Divine Orb
2025-10-22T06:46:25.892200+00:00,164,Omen of Sanctification,0.663406713669062,Divine Orb
2025-10-22T06:46:25.892200+00:00,164,Omen of Sinistral Erasure,4.2726539753639425,Divine Orb
2025-10-22T06:46:25.892200+00:00,164,Perfect Exalted Orb,2.655919405320814,Divine Orb
2025-10-22T06:46:25.892200+00:00,164,Divine Orb,1.0,Divine Orb
2025-10-22T06:46:25.892200+00:00,164,Perfect Chaos Orb,3.5475592304022894,Divine Orb
2025-10-22T06:50:59.945770+00:00,165,Liquid Disgust,0.01995660950564098,Divine Orb
2025-10-22T06:50:59.945770+00:00,165,Perfect Exalted Orb,2.6561222879684423,Divine Orb
2025-10-22T06:50:59.945770+00:00,165,Divine Orb,1.0,Divine Orb
2025-10-22T06:50:59.945770+00:00,165,Simulacrum Splinter,0.0018124438987749821,Divine Orb
2025-10-22T06:50:59.945770+00:00,165,Perfect Chaos Orb,3.543536862617733,Divine Orb
2025-10-22T06:50:59.945770+00:00,165,Petition Splinter,0.0013327837124246385,Divine Orb
2025-10-22T06:50:59.945770+00:00,165,Orb of Annulment,0.37470561769403715,Divine Orb
2025-10-23T01:15:16.895746+00:00,166,Liquid Disgust,0.014782557003102225,Divine Orb
2025-10-23T01:15:16.895746+00:00,166,Perfect Exalted Orb,2.511570123387021,Divine Orb
2025-10-23T01:15:16.895746+00:00,166,Perfect Chaos Orb,2.677789170137776,Divine Orb
2025-10-23T01:15:16.895746+00:00,166,Diluted Liquid Guilt,0.0009090909090909091,Divine Orb
2025-10-23T01:15:16.895746+00:00,166,Divine Orb,1.0,Divine Orb
2025-10-23T01:15:16.895746+00:00,166,Petition Splinter,0.0013462598265353294,Divine Orb
2025-10-23T01:15:16.895746+00:00,166,Orb of Annulment,0.36102717134744555,Divine Orb
2025-10-23T01:15:16.895746+00:00,166,Simulacrum Splinter,0.0019235507401971826,Divine Orb
2025-10-23T01:29:39.871925+00:00,168,Orb of Annulment,0.36600868894826866,Divine Orb
2025-10-23T01:29:39.871925+00:00,168,Omen of Light,4.492526392428104,Divine Orb
2025-10-23T01:29:39.871925+00:00,168,Divine Orb,1.0,Divine Orb
2025-10-23T01:29:39.871925+00:00,168,Perfect Chaos Orb,2.67672531769306,Divine Orb
2025-10-23T01:29:39.871925+00:00,168,Perfect Exalted Orb,2.5089111438389793,Divine Orb
2025-10-23T01:29:39.871925+00:00,168,Exalted Orb,0.0007620563119971379,Divine Orb
2025-10-23T01:29:39.871925+00:00,168,Chaos Orb,0.04061909769875337,Divine Orb
2025-10-23T01:45:24.156812+00:00,169,Orb of Annulment,0.37024556485546206,Divine Orb
2025-10-23T01:45:24.156812+00:00,169,Omen of Light,4.547881219903693,Divine Orb
2025-10-23T01:45:24.156812+00:00,169,Divine Orb,1.0,Divine Orb
2025-10-23T01:45:24.156812+00:00,169,Perfect Chaos Orb,2.5043728167672277,Divine Orb
2025-10-23T01:45:24.156812+00:00,169,Perfect Exalted Orb,2.4999513844853096,Divine Orb
2025-10-23T01:45:24.156812+00:00,169,Exalted Orb,0.0007570370013266802,Divine Orb
2025-10-23T01:45:24.156812+00:00,169,Chaos Orb,0.04003231381128192,Divine Orb
2025-10-23T02:29:37.847994+00:00,170,Orb of Annulment,0.37050340184287855,Divine Orb
2025-10-23T02:29:37.847994+00:00,170,Omen of Light,4.482030174695606,Divine Orb
2025-10-23T02:29:37.847994+00:00,170,Divine Orb,1.0,Divine Orb
2025-10-23T02:29:37.847994+00:00,170,Perfect Chaos Orb,2.528043712898003,Divine Orb
2025-10-23T02:29:37.847994+00:00,170,Perfect Exalted Orb,2.551095717884131,Divine Orb
2025-10-23T02:29:37.847994+00:00,170,Exalted Orb,0.0007574337618266785,Divine Orb
2025-10-23T02:29:37.847994+00:00,170,Chaos Orb,0.04003430850223896,Divine Orb
2025-10-23T02:51:12.973687+00:00,171,Orb of Annulment,0.37045570274245043,Divine Orb
2025-10-23T02:51:12.973687+00:00,171,Omen of Light,11.439458623356542,Divine Orb
2025-10-23T02:51:12.973687+00:00,171,Divine Orb,1.0,Divine Orb
2025-10-23T02:51:12.973687+00:00,171,Perfect Chaos Orb,2.5733058210251953,Divine Orb
2025-10-23T02:51:12.973687+00:00,171,Perfect Exalted Orb,2.5517254408060452,Divine Orb
2025-10-23T02:51:12.973687+00:00,171,Exalted Orb,0.0007607702166839388,Divine Orb
2025-10-23T02:51:12.973687+00:00,171,Chaos Orb,0.04055179274746321,Divine Orb
2025-10-23T02:56:29.047822+00:00,172,Orb of Annulment,0.3723368575845928,Divine Orb
2025-10-23T02:56:29.047822+00:00,172,Omen of Light,4.485154525386314,Divine Orb
2025-10-23T02:56:29.047822+00:00,172,Divine Orb,1.0,Divine Orb
2025-10-23T02:56:29.047822+00:00,172,Perfect Chaos Orb,2.572962074978204,Divine Orb
2025-10-23T02:56:29.047822+00:00,172,Perfect Exalted Orb,2.5028249853829663,Divine Orb
2025-10-23T02:56:29.047822+00:00,172,Exalted Orb,0.0007626582082813798,Divine Orb
2025-10-23T02:56:29.047822+00:00,172,Chaos Orb,0.040027671152463314,Divine Orb
2025-10-23T03:01:39.515171+00:00,173,Orb of Annulment,0.3703671744996516,Divine Orb
2025-10-23T03:01:39.515171+00:00,173,Omen of Light,4.480446428571429,Divine Orb
2025-10-23T03:01:39.515171+00:00,173,Divine Orb,1.0,Divine Orb
2025-10-23T03:01:39.515171+00:00,173,Perfect Chaos Orb,2.5726159230096237,Divine Orb
2025-10-23T03:01:39.515171+00:00,173,Perfect Exalted Orb,2.5006981782373217,Divine Orb
2025-10-23T03:01:39.515171+00:00,173,Exalted Orb,0.0007653297833820091,Divine Orb
2025-10-23T03:01:39.515171+00:00,173,Chaos Orb,0.040354837701917806,Divine Orb
2025-10-23T03:08:46.768995+00:00,174,Orb of Annulment,0.37046409919746254,Divine Orb
2025-10-23T03:08:46.768995+00:00,174,Omen of Light,4.497669650591972,Divine Orb
2025-10-23T03:08:46.768995+00:00,174,Divine Orb,1.0,Divine Orb
2025-10-23T03:08:46.768995+00:00,174,Perfect Chaos Orb,2.5721881166410876,Divine Orb
2025-10-23T03:08:46.768995+00:00,174,Perfect Exalted Orb,2.5221236623067775,Divine Orb
2025-10-23T03:08:46.768995+00:00,174,Chaos Orb,0.0405016126820638,Divine Orb
2025-10-23T03:14:36.511881+00:00,176,Perfect Chaos Orb,2.5714049404499337,Divine Orb
2025-10-23T03:14:36.511881+00:00,176,Omen of Light,4.489355281207133,Divine Orb
2025-10-23T03:14:36.511881+00:00,176,Exalted Orb,0.0007636792908650842,Divine Orb
2025-10-23T03:14:36.511881+00:00,176,Chaos Orb,0.040432931237676016,Divine Orb
2025-10-23T03:14:36.511881+00:00,176,Orb of Annulment,0.3702964821876062,Divine Orb
2025-10-23T03:14:36.511881+00:00,176,Divine Orb,1.0,Divine Orb
2025-10-23T03:14:36.511881+00:00,176,Perfect Exalted Orb,2.5905333333333336,Divine Orb
2025-10-23T03:20:22.323349+00:00,177,Perfect Chaos Orb,2.5715627763041558,Divine Orb
2025-10-23T03:20:22.323349+00:00,177,Omen of Light,4.494543408360129,Divine Orb
2025-10-23T03:20:22.323349+00:00,177,Exalted Orb,0.0007639032301245537,Divine Orb
2025-10-23T03:20:22.323349+00:00,177,Chaos Orb,0.04056445714656507,Divine Orb
2025-10-23T03:20:22.323349+00:00,177,Orb of Annulment,0.3700779502095977,Divine Orb
2025-10-23T03:20:22.323349+00:00,177,Divine Orb,1.0,Divine Orb
2025-10-23T03:20:22.323349+00:00,177,Perfect Exalted Orb,2.591355155482815,Divine Orb
2025-10-23T05:27:39.624892+00:00,178,Divine Orb,1.0,Divine Orb
2025-10-23T05:27:39.624892+00:00,178,Omen of Light,4.475546623794212,Divine Orb
2025-10-23T05:27:39.624892+00:00,178,Chaos Orb,0.04026223592546719,Divine Orb
2025-10-23T05:27:39.624892+00:00,178,Perfect Chaos Orb,2.757006734006734,Divine Orb
2025-10-23T05:27:39.624892+00:00,178,Exalted Orb,0.0007560041287656428,Divine Orb
2025-10-23T05:27:39.624892+00:00,178,Perfect Exalted Orb,2.580980243161094,Divine Orb
2025-10-23T05:27:39.624892+00:00,178,Orb of Annulment,0.3695623603707115,Divine Orb
2025-10-23T06:07:29.005001+00:00,180,Divine Orb,1.0,Divine Orb
2025-10-23T06:07:29.005001+00:00,180,Omen of Light,4.409168162776781,Divine Orb
2025-10-23T06:07:29.005001+00:00,180,Chaos Orb,0.04041444981628015,Divine Orb
2025-10-23T06:07:29.005001+00:00,180,Perfect Chaos Orb,2.7517536288740687,Divine Orb
2025-10-23T06:07:29.005001+00:00,180,Exalted Orb,0.0007456111106355108,Divine Orb
2025-10-23T06:07:29.005001+00:00,180,Perfect Exalted Orb,2.554948096885813,Divine Orb
2025-10-23T06:07:29.005001+00:00,180,Orb of Annulment,0.37148977347257983,Divine Orb
2025-10-23T06:47:06.848038+00:00,181,Divine Orb,1.0,Divine Orb
2025-10-23T06:47:06.848038+00:00,181,Omen of Light,4.263478076678671,Divine Orb
2025-10-23T06:47:06.848038+00:00,181,Chaos Orb,0.04042597463682448,Divine Orb
2025-10-23T06:47:06.848038+00:00,181,Perfect Chaos Orb,2.696296975252062,Divine Orb
2025-10-23T06:47:06.848038+00:00,181,Exalted Orb,0.0007426714637681724,Divine Orb
2025-10-23T06:47:06.848038+00:00,181,Perfect Exalted Orb,2.49995583526554,Divine Orb
2025-10-23T06:47:06.848038+00:00,181,Orb of Annulment,0.3697185199875803,Divine Orb
2025-10-23T07:07:47.997816+00:00,184,Divine Orb,1.0,Divine Orb
2025-10-23T07:07:47.997816+00:00,184,Omen of Light,4.332815076560659,Divine Orb
2025-10-23T07:07:47.997816+00:00,184,Chaos Orb,0.040347576045833486,Divine Orb
2025-10-23T07:07:47.997816+00:00,184,Perfect Chaos Orb,2.675540540540541,Divine Orb
2025-10-23T07:07:47.997816+00:00,184,Exalted Orb,0.000727098303202335,Divine Orb
2025-10-23T07:07:47.997816+00:00,184,Perfect Exalted Orb,2.5110709102218536,Divine Orb
2025-10-23T07:07:47.997816+00:00,184,Orb of Annulment,0.36359978958268746,Divine Orb
2025-10-23T07:23:14.355170+00:00,185,Divine Orb,1.0,Divine Orb
2025-10-23T07:23:14.355170+00:00,185,Omen of Light,4.271185778108713,Divine Orb
2025-10-23T07:23:14.355170+00:00,185,Chaos Orb,0.04003743123394389,Divine Orb
2025-10-23T07:23:14.355170+00:00,185,Perfect Chaos Orb,2.5292114093959737,Divine Orb
2025-10-23T07:23:14.355170+00:00,185,Exalted Orb,0.0007253165089359111,Divine Orb
2025-10-23T07:23:14.355170+00:00,185,Perfect Exalted Orb,2.5613660245183887,Divine Orb
2025-10-23T07:23:14.355170+00:00,185,Orb of Annulment,0.36248053497506133,Divine Orb
